status,source_url,decision_context,drop_reason
KEPT,https://www.getapp.ie/software/2056225/opentimetool,"ultiple projects or individuals in CSV or PDF file formats according to requirements. openTimetool includes various reports for administrators to gain insights into daily activities, employee performance, and attendance.
openTimetool can organizations can ensure compliance with the Employee Posting ",
KEPT,https://www.getapp.za.com/reviews/114357/bryt-loan-management-software,"From initial intro call to present day as asatisfied customer. I am not a ""tech"" person -- so from the site being easy to navigate, to the fantastic tech support when I run into an issue, it has been an excellent product and solution for us.
Pros
Ease of use, intuitive, myriad useful functions, and ",
KEPT,https://outbound.net/how-viralnova-com-became-a-100m-viral-content-website/,"heck and to Scott, that was a revelation.
With renewed inspiration weeks later, Scott came up with Nothing Toxic. The website published fascinating videos of skateboarding accidents, car wrecks and many other bloopers obtained from all over the internet. The website steamed up and began making $8,00",
KEPT,https://datamagazine.co.uk/35-most-innovative-cloud-data-services-startups-companies-south-korea/,"1.5 Penta Security Systems
1.6 Prime Block Technology
1.7 Spiceware
1.8 Korea Aerospace Industries
1.16 Hostway Global Web Solutions
1.27 Doosan Digital Innovation
1.28 P & Peo",
KEPT,https://daichcoatings.com/tag/terrazzo/,"se bathrooms in a 1940s Christian campground? If you‚Äôre Summer and Myron Miller, you turn to Terrazzo‚Ñ¢ and TracSafe¬Æ Anti-Slip Sealer to revitalize the much-used areas. ‚ÄúWe purchased the Kentucky property in December of‚Ä¶
Read More Laurel Bend Bathhouses Remodeled with Daich Coatings ProductsContinue",
KEPT,https://discuss.cryosparc.com/t/nvidia-a16-64gb-gpu/12510,"uggestion either.
It will depend on your budget, but their suggestions are far from ideal for cryo-EM image processing, where the answer to just about every hardware question is: ‚Äúmore‚Äù.
I‚Äôd suggest either a system with 4-8x A5000s (can handle everything except the biggest boxes and some highly spec",
KEPT,https://blog.me.com.br/en/posts-mais-lidos-no-blog-me-2022/,"o Brasil and Vibra Energia, so they could share how are achieving more and more prominence in business, mainly through digital transformation, new technologies and supplier management.
And focused on helping professional buyers, this year our team has produced hundreds of original contents, which re",
KEPT,https://www.link247.com.au/LinkCustomerSupport/Public/CallDocument.aspx?ID=189D6DB8-F87F-4CD4-979C-44D80FE392A4,"here is a group ID associated with it
* Go to Administrative Services -> User Authorizations
* For the WEBAPI user, assign the group ID that has Sage 300 Web API rights to each corresponding application
-------------------------------------------------------------------------------------------------",
KEPT,https://www.rebeladmin.com/microsoft-entra-permissions-management-part-01/,"After this initial discovery phase, we will have a better understanding of the risks we need to focus on.
Microsoft Entra Permissions Management allows remediating the permission risks based on policies that enforce lease privileges and Just-in-Time (JIT) access. This will ensure identities have eno",
KEPT,https://dev.to/nigel10122/cloud-architects-vs-game-developers-13h8,"Hardware Constraints Breed Innovation

Cloud-native engineers are spoiled. We scale horizontally without blinking. 
Game devs? They squeeze cinematic immersion into 16GB of RAM and 8-core CPUs.

This forces radical creativity:

- Asset compression 
- Dynamic LOD (level of detail) 
- Asynchronous loa",
KEPT,https://stackshare.io/stackups/db2-vs-postgresql,"This makes PostgreSQL a more cost-effective option for organizations with budget constraints.
Procedural Languages: IBM DB2 supports various procedural languages, including SQL PL, PL/SQL, and Java, enabling developers to write complex business logic directly within the database. PostgreSQL, on the ",
KEPT,https://stackshare.io/stackups/db2-vs-postgresql,"This makes PostgreSQL a more cost-effective option for organizations with budget constraints.
Procedural Languages: IBM DB2 supports various procedural languages, including SQL PL, PL/SQL, and Java, enabling developers to write complex business logic directly within the database. PostgreSQL, on the ",
KEPT,https://tek-analytics.com/category/blog/page/3/,"am
SAP Datasphere (DSP) Enablement Service
SAP Analytics Cloud (SAC) Enablement Service
Artificial Intelligence & Machine Learning
Cloud Transformation
Analytics and Planning
Strategy and Advisory
Global Development and Support
Business Intelligence UX/UI
Technologies
SAP Datasphere (DSP)
SAP Analyt",
KEPT,https://www.commercient.com/product/sync-integration-for-epicor-iscala-and-freshsales/,"Prior/older version compatibility is maintained for many years as is feasible, for specific details please contact your Account Executive at Commercient*
Can I see a demo of how the integration will look in my ERP?
The ERP user interface will not change during the integration; therefore, there is no",
KEPT,https://theworkwearstore.com/all-product-reviews.html,"perfect fit!
J Musselman Construction SC US
10/28/2019
Verified Buyer
True To Size Carhartt
I like the simplicity of it, It look good quality is good, overall good product would recommend to others.
Wynon Sabado HI US
10/28/2019
Verified Buyer
True To Size Carhartt
1 of 1 customers found this helpfu",
KEPT,https://www.bridgebase.com/forums/topic/72022-has-us-democracy-been-trumped/page__st__15080__p__992639#entry992639,"urderer.
We started to see his true colors when he put children in detention centers at the border. But I still couldn't have imagined that he'd try to hold the nation hostage during a medical crisis like this.
Back to top of the page up there ^
#15083 y66
Group: Advanced Members
Posts: 6,496
Joined",
KEPT,https://www.getapp.za.com/reviews/114357/bryt-loan-management-software,"From initial intro call to present day as asatisfied customer. I am not a ""tech"" person -- so from the site being easy to navigate, to the fantastic tech support when I run into an issue, it has been an excellent product and solution for us.
Pros
Ease of use, intuitive, myriad useful functions, and ",
KEPT,https://blog.besharp.it/how-to-create-a-mongodb-replicaset-with-self-healing-using-aws-services/,"The MongoDB configuration file will look similar to this:
storage:
 dbPath: /mnt/mongo/data
 keyFile: <keyfile-path>
replication:
 replSetName: test-rs
net:
 port: 27017
 bindIpAll: true
The initial creation of the MongoDB cluster can be fully automated using CloudFormation. It can also be perf",
KEPT,https://www.codingpizza.com/en/author/gvetri18/,"g time on it to move our Android CI/CD all to cloudbuild.
As first we started looking for some previous experience on the internet and found two excellent articles about it, those articles will be linked below. Nevertheless, those articles required a certain knowledge of Docker, CloudBuild, and othe",
KEPT,https://www.link247.com.au/LinkCustomerSupport/Public/CallDocument.aspx?ID=189D6DB8-F87F-4CD4-979C-44D80FE392A4,"here is a group ID associated with it
* Go to Administrative Services -> User Authorizations
* For the WEBAPI user, assign the group ID that has Sage 300 Web API rights to each corresponding application
-------------------------------------------------------------------------------------------------",
KEPT,https://dev.to/anshul_kichara/azure-to-google-cloud-migration-my-end-to-end-devops-transformation-25a7,"ainers, and microservices, enabling true zero-touch provisioning.

**CI/CD Capabilities**

- Automated:
 - Code linting
 - Security & vulnerability scans
 - Unit & integration tests
 - Container image builds
 - GKE deployments

- Post-deployment health checks & validations

This drastically reduced ",
KEPT,https://www.commercient.com/product/sync-integration-for-epicor-iscala-and-freshsales/,"Prior/older version compatibility is maintained for many years as is feasible, for specific details please contact your Account Executive at Commercient*
Can I see a demo of how the integration will look in my ERP?
The ERP user interface will not change during the integration; therefore, there is no",
KEPT,https://dev.to/charlie_brinicombe/impossible-to-migrate-to-cloud-run-why-we-went-with-digitalocean-instead-2ppp,"Impossible to migrate to Cloud Run & why we went with DigitalOcean instead

Around nine months ago my cofounder and I launched [Trophy](https://trophy.so), a set of APIs for teams building gamification features. It‚Äôs similar to Stripe in its setup‚Äîthere‚Äôs a dashboard for setting things up and a set ",
KEPT,https://www.reddit.com/r/sysadmin/comments/1m3vu5q/backups_and_disaster_recovery/,"All things considered, there‚Äôs always one thing missing that doesn‚Äôt fully convince me. 

Axcient: no restores into Azure
Druva: on-prem restores take too long (CloudCache not ideal option)
Datto: no trial + no Linux backup with the solution they offered

Now I‚Äôm up for trialing Veeam and have reach",
KEPT,https://www.dustinbmurphy.com/https-zapier-com-apps-systeme-io-integrations-limo-anywhere/,"the low price of, this all-in-one marketing platform becomes a great bundle that‚Äôs tough to skip.
And beginners might not completely comprehend the ridiculous value this SaaS platform supplies, as the alternatives cost 3-10 times as much for basically doing the precise very same thing.
That‚Äôs cash s",
KEPT,https://littlelink.medium.com/how-to-stake-farm-the-little-token-936bfc307623?responsesOpen=true&sortBy=REVERSE_CHRON&source=author_recirc-----7bb59b0e3555----0---------------------d2059f4d_4302_4c00_8783_1a170089b833-------,"s.
Once navigating to your staking and farming dashboard provided on our web application, earning yield on your LITTLE token will be as easy as connecting your wallet, selecting which asset you which to deposit, and confirming the transaction in your wallet!
The supported assets available for farmin",
KEPT,https://dev.to/clayroach/removing-11005-lines-why-we-replaced-our-custom-llm-manager-with-portkey-bhn,"while improving functionality""
tags: llm, infrastructure, refactoring, portkey
series: AI-Native Observability Platform - Productization
canonical_url: https://dev.to/clayroach/removing-11005-lines-portkey-migration
---

# Removing 11,005 Lines: Why We Replaced Our Custom LLM Manager with Portkey

!",
KEPT,https://dev.to/belochka1-04/from-client-request-to-24-net-microservices-my-solo-migration-journey-7ah,"al vision of how everything should work, plus a strong desire to ""build it properly."" No specific requirements for development speed, load, or SLA‚Äîjust the understanding that they needed scalable architecture that wouldn't require a complete rebuild in a year or two.

## Stage 1: MVP with Web API + ",
KEPT,https://www.reddit.com/r/sysadmin/comments/1mhj2d9/mdm_implementation_problems/,"It's tough for us to help customers efficiently because the emails they send are incomplete and their photos are blurry, causing ongoing complaints. What's worse, when new technicians went on site for training, our senior colleagues had to remotely supervise their progress, trying to spot mistakes a",
KEPT,https://constructioncoverage.com/property-management-software,"tware
Field Service Management Software
Property Management Software
Takeoff Software
Research
The Best-Paying Cities for Construction
Cities With the Most Construction Jobs
Cities Building the Most New Homes
Companies
Procore vs. Autodesk
Stack Takeoff Software
Planswift Takeoff Software
State Farm",
KEPT,https://altruix.com/lai/,"I have not had a single medication administration error since they gave me the Medherent system.‚Äù
Patient
There is no comparable pharmacy on the market ‚Äì not even close! Client-centered, provider responsive, and the customer service your team provides is top notch!
Provider
We switched the specialty",
KEPT,https://www.reddit.com/r/aws/comments/gqcfrv/aws_support_do_they_answer_the_phone_chat_in_a/,"AWS Support - do they answer the phone / chat in a timely fashion?

My company recently started setting up Managed Kubernetes on AWS for testing something we've got brewing, and we ran into an issue and needed help from AWS Support. Given that we have business support, we opted to open a service imp",
KEPT,https://www.northwest.academy/course/map-2021-22-introduction-to-organizations-and-leadership/,"given the complex and often unanticipated effects these systems have on employee motivation and decision making. His research quantifying the cost incurred by a major enterprise software vendor due to salespeople deliberately gaming their sales commission system, published in The Journal of Labor Ec",
KEPT,https://typola.best/article/free-subdomain-finder-online-find-subdomains-of-domain,"ercriminals.
See Also
Free Subdomain Finder: Find all Subdomains of a Website#8 Subdomain Enumeration —Ç–ê–§How to find Subdomains of any Domain
Our automatic subdomain enumeration helps you retrieve not just subdomains, but also their IP address, WHOIS information (netname and country), OS, server and",
KEPT,https://dev.to/mateenali66/i-built-a-zero-downtime-database-migration-pipeline-postgresql-to-aurora-1ohe,", but setting up publication/subscription across AWS accounts with proper security controls was turning into a monster. Plus, the operational tooling around it was basically DIY.

Then I found AWS DMS. It handles the heavy lifting: full load plus change data capture in a managed service. The challen",
KEPT,https://www.netsfive.com/en/our-references/case-studies/,"xploration
Need
The company decided to create new software, a true ERP that needed to integrate 4 main application modules, already developed by the company, and until then sold individually. It was the first time that the company had embarked on a project of this size (about 1 100 man days, 15 deve",
KEPT,https://dev.to/seahindeniz/how-we-migrated-to-vue-3-n57,"How we migrated to Vue¬†3

In this article, I'll try to share with you an overview of the Vue 3 migration journey.

> This article is not a guide on how to migrate Vue 3.
It's a story of how we made it, alive ü§ì ---

Just like any other technology company out there, here at Insider, we also have faced",
KEPT,https://alliedmortgage.ca/ranking-all-cheats-mods-vac-undetected-skin-changer/,"n: This is a guest post from David Owen, who is a leader of Accounting division of Thomson Reuters, we build software products for community to include evolving best practices and new developments. Although a Husqvarna will last you for years, this lower priced model is a great way to learn how to h",
KEPT,https://chris.bucchere.com/tag/analysis/,"from June 1998 to December, 9th 2002. In four-and-a-half years, the company grew from 25 employees to over 400 and it had thousands of happy customers before it was purchased by BEA Systems in 2005 for $220M. Here at bdg, we‚Äôve been supporting dozens of Plumtree/AquaLogic Interaction (ALI)/WebCenter",
KEPT,https://www.scaleops.co/business-applications,"olutions: Provide seamless integration of new applications with your existing systems, ensuring data consistency and efficient workflows. This includes integration with ERP, CRM, and other enterprise systems.
User Support and Training: Comprehensive support and training for your staff, helping them ",
KEPT,https://dev.to/aws-builders/seamlessly-migrating-frontend-deployment-across-aws-accounts-54lo,"Adequate permissions to create, modify, and delete the mentioned resources in both accounts will ensure a smooth migration. Here is an IAM [policy](https://gist.github.com/poly4concept/ff7007b95ac7067f53af6cf552ad8d2a) for all the access required for this migration.

## **Migrating S3 Buckets**

The",
KEPT,https://www.infocaptor.com/how-to-use-gravity-forms-for-woocommerce,"dashboard, navigate to ‚ÄúPlugins‚Äù > ‚ÄúAdd New,‚Äù search for both plugins and install and activate them.
Gravity Forms offers a WooCommerce add-on that integrates the two plugins seamlessly. To install it, go to ‚ÄúForms‚Äù > ‚ÄúSettings‚Äù > ‚ÄúAdd-Ons‚Äù in your Gravity Forms dashboard, and activate the WooCommer",
KEPT,https://marbleunlimited.com/product/split-face-mosaic-tiles/,"Granite Levels: Description and Comparison of Granite Grades
September 11, 2023
10 Best Countertop Companies in North Carolina
August 11, 2023
Why are Granite countertops a good investment for your home?
December 6, 2022

What our customers say
Rating
4.8
192 reviews
Write a re",
KEPT,https://dev.to/tim_derzhavets/eks-vs-ecs-choosing-the-right-aws-container-orchestration-for-your-teams-maturity-level-4dpf,"f shipping features.

I've watched this decision go sideways at three different companies. A startup with two backend engineers spun up EKS because ""Kubernetes is the industry standard,"" then spent four months debugging networking policies instead of building their product. A Series C company chose ",
KEPT,https://www.sortd.com/?5795876c_page=3&579587e8_page=2&7f0bbef0_page=2&7f0bbf0f_page=3&7f0bbf4d_page=3,"liver on time, every time
Nurturing leads
Tracking your sales pipeline
Managing orders & work for customers
Fundraising outreach
Business partnerships
Inter-company collaboration
Hiring (candidate tracking)
Financial process (payments, collections, claims)
Real-estate pipeline‚Äç
...
Your browser does",
KEPT,https://nordicdesign.com.au/lounge-furniture/recliners/purcell-recliner-chair/,"Nordic Design Furniture
I cannot rate this furniture company too highly Their timber products are simply fabulous. The craftsmanship clearly on show in their products; the quality of the timbers they source; and the genuine old fashioned customer service they provideARE ALL EXCEPTIONALIf you want br",
KEPT,https://www.reddit.com/r/msp/comments/1bjhfmv/beware_of_connectwise_contracts_and_business/,"When you start reading your contract carefully, you realize you are obligated until the contract termination date, but the master contract doesn't guarantee any price, so your choices seem limited. For at least 5 months we were emailing and calling to try to get the pricing fixed and get reversed wh",
KEPT,https://dev.to/split/safely-moving-away-from-monoliths-chapter-1-2en4,"The **key** is used to ensure that the same user will always obtain the same result. You can also target groups of keys based on constraints such as **exact match** and **is in list** , among others. You can view all different types of targeting rules supported by Split [here](https://help.split.io/",
KEPT,http://blog.smartgivers.org/2011/03/,"This is unfortunate because it is not about making it through the fire (i.e. getting positive results from your evaluation), but HOW you make it through (i.e. what did you learn from it, what changes are made because of it).
Last year, as an organization, we made a commitment to share our learnings ",
KEPT,https://boxxe.com/bt7853-300-b-b-tech-bt7853,"al data is collected
We collect personal data from you:
directly, when you enter or send us information, such as when you for example, register with us, contact us (including via email), send us feedback, purchase products or services via our website, post material to our website and complete custom",
DROPPED,https://dev.to/codicacom/paas-vs-iaas-vs-saas-what-s-the-best-cloud-computing-model-29ci,"al with servers.
* Your cloud-based app will not be used regularly.
* Your short-term project needs fast collaboration.
* Both mobile and web access are required for your app.

**Core benefits of the software-as-a-service model**

* *Cost reduction*. Vendors are responsible for dealing with the pote",dropped_bio_or_job_description
DROPPED,https://dev.to/codicacom/paas-vs-iaas-vs-saas-what-s-the-best-cloud-computing-model-29ci,"al with servers.
* Your cloud-based app will not be used regularly.
* Your short-term project needs fast collaboration.
* Both mobile and web access are required for your app.

**Core benefits of the software-as-a-service model**

* *Cost reduction*. Vendors are responsible for dealing with the pote",dropped_bio_or_job_description
DROPPED,https://www.trustradius.com/products/cmic-construction-platform/reviews?qs=core-hr-hrm,"Accountant Lee Kennedy Company 1 year of experience 9 years with CMiC Rating: 8 out of 10 December 15, 2023 Incentivized Vetted Review Verified User CMiC is used by FCL for tracking activities on commercial construction projects in Field and managing financial tasks in Enterprise. Activities include",dropped_bio_or_job_description
DROPPED,https://www.trustradius.com/products/cmic-construction-platform/reviews?qs=operational-benefits,"Accountant Lee Kennedy Company 1 year of experience 9 years with CMiC Rating: 8 out of 10 December 15, 2023 Incentivized Vetted Review Verified User CMiC is used by FCL for tracking activities on commercial construction projects in Field and managing financial tasks in Enterprise. Activities include",dropped_bio_or_job_description
DROPPED,https://www.trustradius.com/products/ambassify/reviews?qs=pros-and-cons,"wesome engagement tool Rating: 10 out of 10 November 27, 2021 Incentivized Vetted Review Verified User Ambassify has proven to be a great solution for our company, we faced many challenges trying to make our workspace more friendly without mixing our personal life, Ambassify he... Continue reading J",dropped_bio_or_job_description
DROPPED,https://www.trustradius.com/products/canvas/reviews?qs=other-software-used,"This product helps to streamline the online l... Continue reading Verified user Professional 5 years of experience Canvas Makes Learning Effective Rating: 9 out of 10 May 2, 2022 Incentivized Vetted Review Verified User Canvas is used to offer online and hybrid courses for students. It is used acros",dropped_bio_or_job_description
DROPPED,https://www.trustradius.com/products/ambassify/reviews?qs=pros-and-cons,"wesome engagement tool Rating: 10 out of 10 November 27, 2021 Incentivized Vetted Review Verified User Ambassify has proven to be a great solution for our company, we faced many challenges trying to make our workspace more friendly without mixing our personal life, Ambassify he... Continue reading J",dropped_bio_or_job_description
DROPPED,https://www.trustradius.com/products/blackline/reviews?qs=quick-pulse,"User We use this to help manage the steps needed for the tax return as well as for audit documentation. Previously, audit documentation was stored on various computers, and tax doc... Continue reading Verified user Manager 1 year of experience My BlackLine Experience! Rating: 10 out of 10 June 12, 2",dropped_bio_or_job_description
DROPPED,https://www.trustradius.com/products/atlassian-stride/reviews?q=Group%20messaging,"Continue reading Megan Lemons Employee - Marketing Inbound Marketing Coordinator Orbis Education 2 years of experience View profile Stride Review Rating: 8 out of 10 December 1, 2018 Incentivized Vetted Review Verified User Stride is currently our company's online messaging solution. Since our compa",dropped_bio_or_job_description
DROPPED,https://www.trustradius.com/products/bullhorn-crm/reviews?qs=operational-benefits,"d from various direct clients, the number of submissions made by various team m... Continue reading Shubham Chauhan Employee - Human Resources Team Lead Cynet Systems 2 years of experience View profile Overview of Bullhorn Features Rating: 10 out of 10 June 23, 2022 Incentivized Vetted Review Verifi",dropped_bio_or_job_description
DROPPED,https://www.trustradius.com/products/docusign/reviews,"e use DocuSign across our entire business of 12,000+, including Support Offices, Stores, and Distribution Centres. It enables efficient management of legal documents and othe... Continue reading Emily Wallace Employee - Human Resources Talent Acquisition Coordinator The Warehouse Group 5 years of ex",dropped_bio_or_job_description
DROPPED,https://www.trustradius.com/products/brighthr/reviews,"It is an extremely useful tool with a large scope for helping organi... Continue reading Laura Parker Administrator - Human Resources HR and Fundraising Cyclists Fighting Cancer 1 year of experience Major efficiency savings by using BrightHR Rating: 10 out of 10 January 23, 2023 Vetted Review Verifi",dropped_bio_or_job_description
DROPPED,https://www.trustradius.com/products/atlassian-stride/reviews?q=Group%20messaging,"Continue reading Megan Lemons Employee - Marketing Inbound Marketing Coordinator Orbis Education 2 years of experience View profile Stride Review Rating: 8 out of 10 December 1, 2018 Incentivized Vetted Review Verified User Stride is currently our company's online messaging solution. Since our compa",dropped_bio_or_job_description
DROPPED,https://www.trustradius.com/products/bullhorn-crm/reviews?qs=operational-benefits,"d from various direct clients, the number of submissions made by various team m... Continue reading Shubham Chauhan Employee - Human Resources Team Lead Cynet Systems 2 years of experience View profile Overview of Bullhorn Features Rating: 10 out of 10 June 23, 2022 Incentivized Vetted Review Verifi",dropped_bio_or_job_description
DROPPED,https://www.trustradius.com/products/bright-pattern/reviews,"xperience Improving communication with our customers Rating: 10 out of 10 March 12, 2024 Incentivized Vetted Review We implemented Bright Pattern Contact Center as our Support Contact Center, and it will allow us to implement voice and WhatsApp channels to improve communication with our cus... Conti",dropped_bio_or_job_description
DROPPED,https://www.trustradius.com/products/atlassian-stride/reviews?q=Group%20messaging,"Continue reading Megan Lemons Employee - Marketing Inbound Marketing Coordinator Orbis Education 2 years of experience View profile Stride Review Rating: 8 out of 10 December 1, 2018 Incentivized Vetted Review Verified User Stride is currently our company's online messaging solution. Since our compa",dropped_bio_or_job_description
DROPPED,https://www.trustradius.com/products/appfolio-property-manager/reviews?qs=product-usage,"Sales Property Manager Price Williams Realty 3 years of experience AppFolio Provides a Mid-Tier Solution at a Reasonable Price Rating: 7 out of 10 May 1, 2021 Incentivized Vetted Review Verified User AppFolio Property Manager is used across our entire corporate office for all accounting functions fo",dropped_bio_or_job_description
DROPPED,https://www.trustradius.com/products/infor-birst/reviews?qs=likelihood-to-renew,"engine, predictive analytics tools, mobile native apps, dashboards, discovery tools,‚Ä¶ Read more A simple to use and effective business intelligence solution Rating: 8 out of 10 September 28, 2021 Incentivized Vetted Review Verified User We use Birst for all analytics and reporting needs across the e",dropped_bio_or_job_description
DROPPED,https://www.trustradius.com/products/business-advisory-plan/reviews,"iew Verified User 3 years of experience View profile Use Cases and Deployment Scope We first discovered LegalZoom when navigating the ocean of online legal document creation technologies. I've always said legal advice by the hour is a broken model, and the trend toward DIY software proved I wasn't a",dropped_bio_or_job_description
DROPPED,https://www.trustradius.com/products/kissflow/reviews?q=Ability%20to%20change,"Read more Kissflow is a great platform for the right size company Rating: 6 out of 10 September 24, 2024 Incentivized Vetted Review Verified User We use it for PO approval and receiving items. Then sync Kissflow to our accounting software so the information could sync automatically once built out an",dropped_bio_or_job_description
DROPPED,https://www.trustradius.com/products/kissflow/reviews?q=Ability%20to%20change,"Read more Kissflow is a great platform for the right size company Rating: 6 out of 10 September 24, 2024 Incentivized Vetted Review Verified User We use it for PO approval and receiving items. Then sync Kissflow to our accounting software so the information could sync automatically once built out an",dropped_bio_or_job_description
DROPPED,https://www.trustradius.com/products/docusign/reviews,"e use DocuSign across our entire business of 12,000+, including Support Offices, Stores, and Distribution Centres. It enables efficient management of legal documents and othe... Continue reading Emily Wallace Employee - Human Resources Talent Acquisition Coordinator The Warehouse Group 5 years of ex",dropped_bio_or_job_description
DROPPED,https://dev.to/codicacom/paas-vs-iaas-vs-saas-what-s-the-best-cloud-computing-model-29ci,"al with servers.
* Your cloud-based app will not be used regularly.
* Your short-term project needs fast collaboration.
* Both mobile and web access are required for your app.

**Core benefits of the software-as-a-service model**

* *Cost reduction*. Vendors are responsible for dealing with the pote",dropped_bio_or_job_description
DROPPED,https://www.trustradius.com/products/docusign/reviews,"e use DocuSign across our entire business of 12,000+, including Support Offices, Stores, and Distribution Centres. It enables efficient management of legal documents and othe... Continue reading Emily Wallace Employee - Human Resources Talent Acquisition Coordinator The Warehouse Group 5 years of ex",dropped_bio_or_job_description
DROPPED,https://www.trustradius.com/products/business-advisory-plan/reviews,"iew Verified User 3 years of experience View profile Use Cases and Deployment Scope We first discovered LegalZoom when navigating the ocean of online legal document creation technologies. I've always said legal advice by the hour is a broken model, and the trend toward DIY software proved I wasn't a",dropped_bio_or_job_description
DROPPED,https://www.trustradius.com/products/brighthr/reviews,"It is an extremely useful tool with a large scope for helping organi... Continue reading Laura Parker Administrator - Human Resources HR and Fundraising Cyclists Fighting Cancer 1 year of experience Major efficiency savings by using BrightHR Rating: 10 out of 10 January 23, 2023 Vetted Review Verifi",dropped_bio_or_job_description
DROPPED,https://www.trustradius.com/products/cmic-construction-platform/reviews?qs=operational-benefits,"Accountant Lee Kennedy Company 1 year of experience 9 years with CMiC Rating: 8 out of 10 December 15, 2023 Incentivized Vetted Review Verified User CMiC is used by FCL for tracking activities on commercial construction projects in Field and managing financial tasks in Enterprise. Activities include",dropped_bio_or_job_description
DROPPED,https://www.trustradius.com/products/atlassian-stride/reviews?q=Group%20messaging,"Continue reading Megan Lemons Employee - Marketing Inbound Marketing Coordinator Orbis Education 2 years of experience View profile Stride Review Rating: 8 out of 10 December 1, 2018 Incentivized Vetted Review Verified User Stride is currently our company's online messaging solution. Since our compa",dropped_bio_or_job_description
DROPPED,https://www.trustradius.com/products/automox/reviews,"Continue reading Verified user Engineer 19 years of experience Automox is great! Rating: 9 out of 10 October 3, 2024 Incentivized Vetted Review Verified User Automation is very important to me because I don‚Äôt like doing repetitive tasks if there‚Äôs a way to automate them. As a patching solution, Auto",dropped_bio_or_job_description
DROPPED,https://www.trustradius.com/products/business-advisory-plan/reviews,"iew Verified User 3 years of experience View profile Use Cases and Deployment Scope We first discovered LegalZoom when navigating the ocean of online legal document creation technologies. I've always said legal advice by the hour is a broken model, and the trend toward DIY software proved I wasn't a",dropped_bio_or_job_description
DROPPED,https://www.trustradius.com/products/business-advisory-plan/reviews,"iew Verified User 3 years of experience View profile Use Cases and Deployment Scope We first discovered LegalZoom when navigating the ocean of online legal document creation technologies. I've always said legal advice by the hour is a broken model, and the trend toward DIY software proved I wasn't a",dropped_bio_or_job_description
DROPPED,https://www.trustradius.com/products/automox/reviews,"Continue reading Verified user Engineer 19 years of experience Automox is great! Rating: 9 out of 10 October 3, 2024 Incentivized Vetted Review Verified User Automation is very important to me because I don‚Äôt like doing repetitive tasks if there‚Äôs a way to automate them. As a patching solution, Auto",dropped_bio_or_job_description
DROPPED,https://www.trustradius.com/products/cmic-construction-platform/reviews?qs=operational-benefits,"Accountant Lee Kennedy Company 1 year of experience 9 years with CMiC Rating: 8 out of 10 December 15, 2023 Incentivized Vetted Review Verified User CMiC is used by FCL for tracking activities on commercial construction projects in Field and managing financial tasks in Enterprise. Activities include",dropped_bio_or_job_description
DROPPED,https://www.trustradius.com/products/appfolio-property-manager/reviews?qs=operational-benefits,"Sales Property Manager Price Williams Realty 3 years of experience AppFolio Provides a Mid-Tier Solution at a Reasonable Price Rating: 7 out of 10 May 1, 2021 Incentivized Vetted Review Verified User AppFolio Property Manager is used across our entire corporate office for all accounting functions fo",dropped_bio_or_job_description
DROPPED,https://www.trustradius.com/products/atlassian-stride/reviews?q=Group%20messaging,"Continue reading Megan Lemons Employee - Marketing Inbound Marketing Coordinator Orbis Education 2 years of experience View profile Stride Review Rating: 8 out of 10 December 1, 2018 Incentivized Vetted Review Verified User Stride is currently our company's online messaging solution. Since our compa",dropped_bio_or_job_description
DROPPED,https://www.reddit.com/r/Entrepreneur/comments/95d6h5/60kmo_selling_city_maps_profit_included/,"s via in-app purchases based on data that was available to me within the game‚Äôs ecosystem. 

I had always wanted to ""start"" something on my own, and when I was talking about doing that in January of 2017, I was approached by a friend who wanted to also start something - but for him, it would be a si",dropped_bio_or_job_description
DROPPED,https://www.trustradius.com/products/cmic-construction-platform/reviews?qs=operational-benefits,"Accountant Lee Kennedy Company 1 year of experience 9 years with CMiC Rating: 8 out of 10 December 15, 2023 Incentivized Vetted Review Verified User CMiC is used by FCL for tracking activities on commercial construction projects in Field and managing financial tasks in Enterprise. Activities include",dropped_bio_or_job_description
DROPPED,https://www.reddit.com/r/msp/comments/1c6dt03/our_experience_switching_to_ninja_rmm_after_5/,"Most of our clients are small businesses probably averaging around 50 staff (many smaller, but a few larger ones that bring up the average). We lean heavily on our RMM for scripting and automation and I'm the most responsible for everything that goes on in our RMM so a lot of this will be written fr",dropped_bio_or_job_description
DROPPED,https://www.trustradius.com/products/captivateiq/reviews?qs=quick-pulse,"g Verified user Employee 2 years of experience Fuss-Free gets the job done Rating: 10 out of 10 January 8, 2024 Incentivized Vetted Review Verified User This tool brings in all the transparency of payouts and commission questions. It really gives you everything you need to understand the process and",dropped_bio_or_job_description
DROPPED,https://www.trustradius.com/products/bullhorn-crm/reviews?qs=operational-benefits,"d from various direct clients, the number of submissions made by various team m... Continue reading Shubham Chauhan Employee - Human Resources Team Lead Cynet Systems 2 years of experience View profile Overview of Bullhorn Features Rating: 10 out of 10 June 23, 2022 Incentivized Vetted Review Verifi",dropped_bio_or_job_description
DROPPED,https://www.trustradius.com/products/captivateiq/reviews?qs=pros-and-cons,"g Verified user Employee 2 years of experience Fuss-Free gets the job done Rating: 10 out of 10 January 8, 2024 Incentivized Vetted Review Verified User This tool brings in all the transparency of payouts and commission questions. It really gives you everything you need to understand the process and",dropped_bio_or_job_description
DROPPED,https://www.trustradius.com/products/conduent-benefitwallet/reviews,It works in conjunction with Medical Mutual health insurance... Continue reading Verified user C-Level Executive 6 years of experience Log in with LinkedIn to see content from your network Sign up Already have an account? Log in here Previous Next Return to navigation BenefitWallet N/A Unavailable W,dropped_bio_or_job_description
DROPPED,https://dev.to/codicacom/paas-vs-iaas-vs-saas-what-s-the-best-cloud-computing-model-29ci,"al with servers.
* Your cloud-based app will not be used regularly.
* Your short-term project needs fast collaboration.
* Both mobile and web access are required for your app.

**Core benefits of the software-as-a-service model**

* *Cost reduction*. Vendors are responsible for dealing with the pote",dropped_bio_or_job_description
DROPPED,https://www.trustradius.com/products/atlassian-stride/reviews?q=Group%20messaging,"Continue reading Megan Lemons Employee - Marketing Inbound Marketing Coordinator Orbis Education 2 years of experience View profile Stride Review Rating: 8 out of 10 December 1, 2018 Incentivized Vetted Review Verified User Stride is currently our company's online messaging solution. Since our compa",dropped_bio_or_job_description
DROPPED,https://www.trustradius.com/products/brighthr/reviews,"It is an extremely useful tool with a large scope for helping organi... Continue reading Laura Parker Administrator - Human Resources HR and Fundraising Cyclists Fighting Cancer 1 year of experience Major efficiency savings by using BrightHR Rating: 10 out of 10 January 23, 2023 Vetted Review Verifi",dropped_bio_or_job_description
DROPPED,https://www.trustradius.com/products/apache-spark/reviews?q=Data%20sets,"Consultant - Information Technology Senior Software Developer (Consultant) Morgan Stanley 1 year of experience View profile Apache Spark in Telco Rating: 10 out of 10 July 22, 2021 Incentivized Vetted Review Verified User Apache Spark is being widely used within the company. In Advanced Analytics de",dropped_bio_or_job_description
DROPPED,https://www.trustradius.com/products/canvas/reviews?qs=likelihood-to-renew,"This product helps to streamline the online l... Continue reading Verified user Professional 5 years of experience Canvas Makes Learning Effective Rating: 9 out of 10 May 2, 2022 Incentivized Vetted Review Verified User Canvas is used to offer online and hybrid courses for students. It is used acros",dropped_bio_or_job_description
DROPPED,https://www.trustradius.com/products/cmic-construction-platform/reviews?qs=core-hr-hrm,"Accountant Lee Kennedy Company 1 year of experience 9 years with CMiC Rating: 8 out of 10 December 15, 2023 Incentivized Vetted Review Verified User CMiC is used by FCL for tracking activities on commercial construction projects in Field and managing financial tasks in Enterprise. Activities include",dropped_bio_or_job_description
DROPPED,https://www.trustradius.com/products/blackline/reviews?qs=likelihood-to-recommend,"User We use this to help manage the steps needed for the tax return as well as for audit documentation. Previously, audit documentation was stored on various computers, and tax doc... Continue reading Verified user Manager 1 year of experience My BlackLine Experience! Rating: 10 out of 10 June 12, 2",dropped_bio_or_job_description
DROPPED,https://www.trustradius.com/products/cmic-construction-platform/reviews?qs=core-hr-hrm,"Accountant Lee Kennedy Company 1 year of experience 9 years with CMiC Rating: 8 out of 10 December 15, 2023 Incentivized Vetted Review Verified User CMiC is used by FCL for tracking activities on commercial construction projects in Field and managing financial tasks in Enterprise. Activities include",dropped_bio_or_job_description
